Corridore,Squadra,Prezzo
Emilien JEANNIERE,Samu,1
Lorenzo GERMANI,,
Damiano CARUSO,,
Alexey LUTSENKO,,
Maxim VAN GILS,Gian,16
Mikel LANDA,Tom n,21
Fred WRIGHT,Tom N,15
Stefan KUNG,Cisco,20
Jefferson Alveiro CEPEDA,Tom N,1
Tao GEOGHEGAN HART,Peba,6
Tiesj BENOOT,Tom F,10
Ilan VAN WILDER,Lorengo,16
Jasper STUYVEN,Cisco,5
Ivo OLIVEIRA,Nele,1
Arne MARIT,Tom N,1
Sean QUINN,,
Mathieu VAN DER POEL,gino,171
Mauro SCHMID,Nele,23
Wilco KELDERMAN,Nele,1
Paul MAGNIER,bicio,70
Luca MOZZATO,Nele,1
Enric MAS,Lorengo,24
Kamiel BONNEU,,
Simone VELASCO,Nele,4
Mattia CATTANEO,,
Jonas VINGEGAARD,Samu,220
Martin MARCELLUSI,,
Ewen COSTIOU,Tom N,1
Jay VINE,Nele,48
Manuele TAROZZI,,
Torstein TRAEN,Nele,2
Oliver NAESEN,,
Joseph BLACKMORE,Peba,10
Louis VERVAEKE,,
Paul OURSELIN,,
Gregor MUHLBERGER,,
Max WALSCHEID,Cisco,1
Patrick KONRAD,,
Andrea VENDRAME,,
Laurenz REX,Lorengo,1
Brieuc ROLLAND,,
Georg ZIMMERMANN,Gino,1
Guillaume MARTIN,,
Edward PLANCKAERT,,
Michael LEONARD,,
Dries DE BONDT,,
Ethan VERNON,Gino,22
Dorian GODON,Cisco,5
Enzo PALENI,,
Michael STORER,Nele,40
Egan BERNAL,Cisco,21
Gerben THIJSSEN,,
Pablo CASTRILLO,Tom F,1
Isaac DEL TORO,Tom F,110
Nico DENZ,Nele,1
Arnaud DE LIE,Samu,60
Xandro MEURISSE,,
Soren KRAGH ANDERSEN,,
Sylvain MONIQUET,,
Rudy MOLARD,,
Antonio MORGADO,Nele,17
Bjoern KOERDT,,
Luke PLAPP,Gino,10
Michael VALGREN,cisco,1
Daniel Felipe MARTINEZ,Cisco,10
Patrick GAMPER,Tom N,1
Chris HAMILTON,,
Pascal EENKHOORN,Sambu,1
Romain GREGOIRE,Lorengo,60
Christophe LAPORTE,peba,14
Lewis ASKEY,Bicio,1
Matteo TRENTIN,Tom F,1
Nicola CONCI,,
Artem SHMIDT,,
Maikel ZIJLAARD,Bicio,2
Alessandro TONELLI,,
Kevin GENIETS,Tom N,1
Wout POELS,,
Finn FISHER-BLACK,samu,6
Jack HAIG,,
Harold Martin LOPEZ,,
Jordan JEGAT,bicio,1
Magnus CORT,Cisco,10
Matis LOUVEL,,
Jorgen NORDHAGEN,Bicio,31
Will BARTA,,
Lukas NERURKAR,Gian,3
Giovanni LONARDI,,
Julian ALAPHILIPPE,Sambu,11
Orluis AULAR,Cisco,12
Matej MOHORIC,Tom N,8
Pierre THIERRY,,
Mick VAN DIJKE,,
Bryan COQUARD,Tom N,3
James SHAW,,
Thomas PIDCOCK,Cisco,100
Pepijn REINDERINK,,
Joel NICOLAU,,
Corbin STRONG,Cisco,22
Dylan TEUNS,,
Markus HOELGAARD,,
Lennert VAN EETVELT,Bicio,25
Jarno WIDAR,Bicio,15
Aimè DE GENDT,,
Bart LEMMEN,,
Lennard KAMNA,Tom F,1
Soren WAERENSKJOLD,Loreng,5
Florian LIPOWITZ,Nele,81
Pelayo SANCHEZ,,
Alessandro VERRE,,
Christian SCARONI,Cisco,15
Jay HINDLEY,Tom F,31
Ben O'CONNOR,Tom N,29
Antonio TIBERI,Nele,37
Tobias Halland JOHANNESSEN,Peba,28
Magnus SHEFFIELD,Nele,22
Marc HIRSCHI,Peba,12
Taco VAN DER HOORN,,
Jan HIRT,,
Julien BERNARD,,
Carlos VERONA,Cisco,5
Marco FRIGO,Tom N,3
Clement BERTHET,,
Bob JUNGELS,Nele,1
Paul DOUBLE,,
Axel ZINGLE,Lorengo,3
Archie RYAN,Lorengo,3
Victor LAFAY,,
FIlippo GANNA,Sambu,21
Jon BARRENETXEA,,
Quinn SIMMONS,Gino,30
Connor SWIFT,,
Maximilian SCHACHMANN,Sambu,1
Harry SWEENY,Bicio,1
Robert STANNARD,,
Maxime DECOMBLE,Gino,4
Ben ZWIEHOFF,Tom F,1
Joao ALMEIDA,Cisco,116
Tim MERLIER,Peba,80
Remy ROCHAS,,
Alec SEGAERT,Lorengo,4
Rui OLIVEIRA,,
Victor CAMPENAERTS,,
Valentin MADOUAS,Bicio,13
Max KANTER,Tom F,5
Stephen WILLIAMS,Cisco,16
Gijs LEEMREIZE,,
Nicolas PRODHOMME,Lorengo,1
Brent VAN MOER,,
Jakob SODERQVIST,Lorengo,1
Ivan ROMEO,Cisco,20
Jenno BERCKMOES,Lorengo,1
Arjen LIVYNS,Bicio,1
Mathias VACEK,Lorengo,18
Alexis RENARD,Nele,1
Valentin PARET-PEINTRE,Lorengo,8
Biniam GIRMAY HAILU,Tom N,69
Sam WELSFORD,Cisco,11
Ramses DEBRUYNE,,
Albert WHITEN PHILIPSEN,Gino,26
Jordan LABROSSE,,
Thomas GACHIGNARD,,
Alex ARANBURU,Cisco,11
Laurence PITHIE,Tom N,10
Einer Augusto RUBIO,Bicio,8
Kevin VERMAERKE,Nele,3
Thibault GUERNALEC,,
Emanuel BUCHMANN,,
Paul PENHOET,Sambu,1
Felix GALL,Cisco,35
Michel HESSMANN,,
Nils POLITT,Tom N,1
Matevz GOVEKAR,,
Anders Halland JOHANNESSEN,,
Paul LAPEIRA,Lorengo,11
Mattias SKJELMOSE JENSEN,Loreng,58
Giulio PELLIZARI,Sambu,83
Finlay PICKERING,,
Thomas GLOAG,,
Tim Torn TEUTENBERG,Loreng,6
Quentin PACHER,,
Olav KOOIJ,Loreng,86
Richard CARAPAZ,Gino,50
Danny VAN POPPEL,Loreng,3
Jonathan MILAN,Samu,95
Anthony TURGIS,,
Jarrad DRIZNERS,,
Vincenzo ALBANESE,,
Stefan BISSEGGER,Sambu,1
Sergio HIGUITA,Tom F,1
Nelson POWLESS,Tom N,20
Filippo FIORELLI,,
Remco EVENEPOEL,Tom N,201
Hugo PAGE,,
Hugo HOFSTETTER,,
Tibor DEL GROSSO,Nele 31,31
Rick PLUIMERS,,
William Junior LECERF,Loreng,6
Derek GEE,Bicio,50
Warren BARGUIL,Gino,1
Tim WELLENS,Tom N,21
Emiel VERSTRYNGE,,
Jasper PHILIPSEN,Tom F,55
Juan Sebastian MOLANO,Tom F,2
Kaden GROVES,Bicio,25
Thibaut NYS,Gino,30
Sergio SAMITIER,,
Andreas LEKNESSUND,Nele,3
Toms SKUJINS,Tom N,16
Edoardo ZAMBANINI,Loreng,5
Casper PEDERSEN,,
Adam YATES,Nele,20
Marius MAYRHOFER,,
David GAUDU,Bicio,12
Baptiste TRONCHON,Sambu,1
Per Strand HAGENES,Tom N,1
Milan FRETIN,Bicio,3
Simon YATES,,
Rory TOWNSEND,Sambu,1
Clement RUSSO,,
Ivan GARCIA CORTINA,Peba,2
Aleksandr VLASOV,Tom F,2
Felix ENGELHARDT,,
Mads PEDERSEN,Tom F,100
Thibaud GRUEL,,
Remi CAVAGNA,,
David DE LA CRUZ,,
Fernando GAVIRIA,Sambu,1
Alberto DAINESE,Bicio,2
Victor LANGELLOTTI,Sambu,1
Juan AYUSO,Bicio,80
Ben TURNER,Gino,6
Luke LAMPERTI,Bicio,2
Harold TEJADA,Bicio,3
Daan HOOLE,,
Kelland O'BRIEN,,
Attila VALTER,Lorengo,2
Sepp KUSS,Cisco,6
Nelson OLIVEIRA,,
Lenny MARTINEZ,Loreng,25
Phil BAUHAUS,Cisco,6
Andreas FOLDAGER,,
Yves LAMPAERT,,
Johannes STAUNE-MITTET,Tom N,1
FIlippo ZANA,sambu,1
Diego ULISSI,Sambu,1
Sam BENNETT,Sambu,1
Anthon CHARMING,,
Georg STEINHAUSER,Samu,1
Mauri VANSEVENANT,sambu,1
Fabio VAN DEN BOSSCHE,,
Marijn VAN DEN BERG,Loreng,2
Fredrik DVERSNES,,
Mikkel BJERG,sambu,1
Benoit COSNEFROY,Peba,1
Pello BILBAO,Tom N,11
Matthew BRENNAN,Bicio,55
Rasmus Sojberg PEDERSEN,,
Javier ROMO,Gino,4
Florian VERMEERSH,Nele,2
Matthew RICCITELLO,Cisco,27
Fabio CHRISTEN,,
Gianni VERMEERSH,Nele,2
Wout VAN AERT,Tom F,50
Stian FREDHEIM,,
Pascal ACKERMANN,Sambu,1
Jakub OMRZEL,Loreng,1
Brandon MCNULTY,Gino,26
Ethan HAYTER,Tom F,1
Igor ARRIETA,,
Alex LAURANCE,Tom F,3
Ben SWIFT,,
Max WALKER,,
Stefano OLDANI,,
Dylan GROENEWEGEN,Sambu,1
Jan TRATNIK,Gino,1
Stanislaw ANIOLKOWSKI,Sambu,1
Ben HEALY,Bicio,49
Gianmarco GAROFOLI,Nele,1
Tobias FOSS,,
Cian UIJTDEBROEKS,Loreng,15
Carlos RODRIGUEZ,Peba,20
Eddie DUNBAR,Sambu,1
Chris HARPER,Sambu,1
Joshua TARLING,Bicio,8
Giulio CICCONE,Gino,31
Jordi MEEUS,Loreng,12
Santiago BUITRAGO,Tom F,6
Marc SOLER,Sambu,1
Samuel WATSON,Bicio,5
Mathieu BURGAUDEAU,,
Mike TEUNISSEN,,
Jake STEWART,,
Roger ADRÌA,Sambu,1
Matteo JORGENSON,Loreng,65
Mathys RONDEL,,
Raul GARCIA PIERNA,,
Tadej POGACAR,Peba,165
Gal GLIVAR,Tom N,1
Clement CHAMPOUSSIN,Sambu,1
Yevgeniy FEDOROV,,
Quinten HERMANS,Tom N,1
Cristian RODRIGUEZ,,
Jensen PLOWRIGHT,,
Afonso EULALIO,Gino,3
Ben TULETT,Bicio,25
Juan Pedro LOPEZ,,
Pavel SIVAKOV,,
Arvid DE KLEIJN,,
Tim VAN DIJKE,,
Clement BRAZ AFONSO,,
Timo KIELICH,,
Casper VAN UDEN,,
Madis MIHKELS,Tom F,1
Bruno ARMIRAIL,Gino,3
Oscar ONLEY,Tom F,55
Andrea BAGIOLI,Tom N,1
Mathis LE BERRE,,
Jhonatan NARVAEZ,Tom N,15
Marco HALLER,,
Edoardo AFFINI,Tom N,1
Davide BALLERINI,Gino,6
Primoz ROGLIC,Peba,70
Nathael TESFATSION,,
Matteo SOBRERO,,
Alberto BETTIOL,Gino,5
Felix GROßSCHARTNER,,
Aurelien PARET-PEINTRE,,
Paul SEIXAS,Nele,69
Aaron GATE,,
Ion IZAGIRRE,,
Jonas ABRAHAMSEN,Loreng,24
Michael MATTHEWS,Peba,20
Florian STORK,Peba,4
Jonas RUTSCH,,
Dylan VAN BAARLE,,
Bauke MOLLEMA,Sambu,1
Kasper ASGREEN,Nele,1
Pau MIQUEL,Gino,1
Francesco BUSATTO,Bicio,1
Jan CHRISTEN,gino,45
Alex BAUDIN,Bicio,1
Laurens DE PLUS,,
Louis BARRÈ,Peba,18
Mirco MAESTRI,,
Frank VAN DEN BROEK,,
Lorenzo MILESI,,
Thymen ARENSMAN,Peba,46
Pavel BITTNER,Tom F,16
Lorenzo FORTUNATO,Tom N,15
Yannis VOISARD,,
Tobias Lund ANDRESEN,Gino,3
Kevin VAUQUELIN,Tom F,42
Mikkel Frolich HONORÈ,,
Huub ARTZ,,
Max POOLE,Tom N,26
David GONZALEZ,,
Maurice BALLERSTEDT,,
Tobias BAYER,,
Lennert BELMANS,,
Lindsay DE VYLDER,,
Simon DEHAIRS,,
Silvan DILLIER,,
Aaron DOCKX,,
Jonas GEENS,,
Michael GOGL,,
Hugo HOULE,,
Tim MARSMAN,,
Johan PRICE-PETERSEN,,
Senna REMIJN,,
Jonas RICKAERT,,
Oscar RIESEBEEK,,
Florian SENECHAL,,
Sente SENTJENS,,
Henri UHLIG,,
Luca VERGALLITO,,
Niklas ARNDT,,
Alessandro BORGO,,
Alberto BRUTTOMESSO,,
Roman ERMAKOV,,
Zak ERZEN,,
Kamil GRADEK,,
Rainer KEPPLINGER,,
Fran MIHOLJEVIC,,
Mathijs PAASSCHENS,,
Daniel SKERL,,
Oliver STOCKWELL,,
Max VAN DER MEULEN,,
Vlad VAN MECHELEN,,
Kasper BORREMANS,,
Andrea PASQUALON,,
Leo BISIAUX,,
Cees BOL,,
Oscar CHAMBERLAIN,,
Sander DE PESTEL,,
Stan DEWULF,,
Pierre GAUTHERAT,,
Robbe GHYS,,
Tord GUDMESTAD,,
Noa ISIDORE,,
Anthony L'HOTE,,
Gianluca POLLEFLIET,,
Callum SCOTSON,,
Aubin SPARFEL,,
Mattia AGOSTINACCHIO,,
Samuele BATTISTELLA,,
Markel BELOKI,,
Jefferson Alexander CEPEDA,,
Noah HOBBS,,
Alastair MACKELLAR,,
Darren RAFFERTY,,
Mathias SCHWARZBACHER,,
Colby SIMMONS,,
Jardi Christian VAN DER LEE,,
Cyril BARTHE,,
Lewis BOWER,,
Tom DONNENWIRTH,,
Titouan FONTAINE,,
Axel HUENS,,
Johan JACOBS,,
Josh KENCH,,
Olivier LE GAC,,
Matteo MILAN,,
Matthew WALLS,,
Andrew AUGUST,,
Lucas HAMILTON,,
Kim HEIDUK,,
Michal KWIATKOWKI,,
Peter OXENBERG,,
Brandon Smith RIVERA,,
Oscar RODRIGUEZ,,
Emret SVESTAD-BARDSENG,,
Benjamin NOVAL,,
Koen BOUWMAN,,
Amaury CAPIOT,,
Filippo CONCA,,
Alessandro COVI,,
Dries DE POOTER,,
Davide DE PRETTO,,
Robert DONALDSON,,
Luke DURBRIDGE,,
Alan HATHERLY,,
Asbjorn HELLEMOSE,,
Christopher JUUL-JENSEN,,
Jelte KRIJNSEN,,
Hamish MCKENZIE,,
Luka MEZGEC,,
Rudy PORTER,,
Jasha SUTTERLIN,,
Simone CONSONNI,,
Amanuel GHEBREIGZABHIER,,
Jacopo MOSCA,,
Mathias NORSGAARD,,
Sam OOMEN,,
Edward THEUNS,,
Otto VERGAERDE,,
Ton AERTS,,
Cedric BEULLENS,,
Vito BRAET,,
Lars CRAPS,,
Jasper DE BUYST,,
Steffen DE SCHUYTENEER,,
Matthew FOX,,
Joshua GIDDINS,,
Sebastien GRIGNARD,,
Matys GRISEL,,
Simone GUALDI,,
Mathieu KOCKELMANN,,
Milan MENTEN,,
Robin ORINS,,
Felix ORN-KRISTOFF,,
Lorenzo ROTA,,
Liam SLOCK,,
Lionel TAMINIAUX,,
Reuben THOMPSON,,
Luca VAN BOVEN,,
Roel VAN SINTMAARTENSDIJK,,
Baptiste VEISTROFFER,,
Jose ARCAS,,
Carlos CANAL,,
Davide FORMOLO,,
Manlio MORO,,
Pavel NOVAK,,
Diego PESCADOR,,
Nairo QUINTANA,,
Gonzalo SERRANO,,
Albert TORRES,,
Ruben GUERREIRO,,
Antonio PEDRERO,,
George BENNETT,,
Guillaume BOIVIN,,
Simon CLARKE,,
Pier-Andre' COTE',,
Itamar EINHORN,,
Brady GILMORE,,
Oded KOGUT,,
Pau MARTI',,
Ryan MULLEN,,
Krists NEILANDS,,
Alessandro PINARELLO,,
Nadav RAISBERG,,
Nick SCHULTZ,,
Riley SHEEHAN,,
Dion SMITH,,
Totem TENE,,
Tom VAN ASBROECK,,
Floris VAN TRICHT,,
Ftits BIESTERBOS,,
Dillon CORKERY,,
Timo DE JONG,,
John DEGENKOLB,,
Robbe DHONDT,,
Matthew DINHAM,,
Nils EEKHOFF,,
Alexy FAURE PROST,,
Sean FLYNN,,
Mattia GAFFURI,,
Fabio JAKOBSEN,,
James KNOX,,
Niklas MARKL,,
Guillermo Juan MARTINEZ,,
Tim NABERMAN,,
Oliver PEACE,,
Henri-Francois RENARD-HAQUIN,,
Timo ROOSEN,,
Julius VAN DEN BERG,,
Bram WELTEN,,
Romain COMBAUD,,
Patrick EDDY,,
Alex EDMONDSON,,
Giovanni ALEOTTI,,
Adrien BOICHIS,,
Haimar ETXEBERRIA,,
Alexander HAJEK,,
Emil HERZOG,,
Gianni MOSCON,,
Callum THORNLEY,,
Luke TUCKWELL,,
Frederik WANDAHL,,
Lorenzo FINN,,
Ayco BASTIAENS,,
Steff CRAS,,
Gil GELDERS,,
Andrea RACCAGNI NOVIERO,,
Martin SVRCEK,,
Dries VAN GESTEL,,
Bert VAN LERBERGHE,,
Warre VANGHELUWE,,
Jonathan VERVENNE,,
Filippo BARONCINI,,
Rune HERREGODTS,,
Julius JOHANSEN,,
Vegard Stake LAENGEN,,
Domen NOVAK,,
Adria PERICAS,,
Pablo TORRES,,
Carl-Frederick BEVORT,,
Erlend BLIKRA,,
WIlliam BLUME LEVY,,
Sven Erik BYSTRØM,,
Simon DALBY,,
Adne HOLTER,,
Jonas Hem HVIDEBERG,,
Storm INGEBRIGTSEN,,
Alexander KAMP,,
Andreas KRON,,
Johannes KULSET,,
Sakarias Koller LØLAND,,
Henrik PEDERSEN,,
Erik Nordseater RESELL,,
Anders SKAARSETH,,
Tobias SVARRE,,
Rasmus TILLER,,
Martin TJOTTA,,
Martin URIANSTAD,,
Niklas BEHRENS,,
Owain DOULL,,
Tijmen GRAAT,,
Menno HUISING,,
Steven KRUIJSWIJK,,
Pietro MATTIO,,
Davide PIGANZOLI,,
Tim REX,,
Anton SCHIFFER,,
Loe VAN BELLE,,
Lev GONOV,,
Florian Samuel KAJAMINI,,
Anton KUZMIN,,
Matteo MALUCELLI,,
Henok MULUBRHAN,,
Alessandro ROMELE,,
Marco SCHRETTL,,
Guillermo Thomas SILVA,,
Hayou SU,,
Gleb SYRITSA,,
Davide TONEATTI,,
Darren VAN BEKKUM,,
Nicolas VINOKUROV,,
Filippo CETTOLIN,,
Luca COLNAGHI,,
Lorenzo CONFORTI,,
Luca COVILI,,
Edward CRUZ,,
Santiago FERRARO,,
Martin Santiago HERRENO,,
Filippo MAGLI,,
Marco MANENTI,,
Alessio MARTINELLI,,
Andrea MONTAGNER,,
Luca PALETTI,,
Mattia PINAZZI,,
Vicente ROJAS,,
Mattia STENICO,,
Alex TOLIO,,
Filippo TURCONI,,
Matteo TURCONI,,
Enrico ZANONCELLO,,
Federico BIAGINI,,
Clement ALLENO,,
Rodrigo ALVAREZ,,
Mario APARICIO,,
Georgios BOUGLAS,,
Josh BURNETT,,
Daniel CAVIA,,
Sergio Geovani CHUMIL,,
Hugo DE LA CALLE,,
Jose Manuel DIAZ,,
Eric Antonio FAGUNDEZ,,
Adrian FAJARDO,,
Jose Luis FAURA,,
Sinuhe FERNANDEZ,,
Carlos GARCIA PIERNA,,
Jesus HERRADA,,
Vojtech KMINEK,,
Tomoya KOYAMA,,
Merhawi KUDUS,,
Cesar MACIAS,,
Alexandre MAYER,,
Ander OKAMIKA,,
Lorenzo QUARTUCCI,,
Martin REY VAZQUEZ,,
Jambaljamts SAINBAYAR,,
Antonio ANGULO,,
David DELGADO,,
Julien ARRIOLA-BENGOA,,
Abel BALDERSTONE,,
Fernando BARCELO',,
Sebastien BERWICK,,
Joan BOU,,
Jan CASTELLON,,
Gorka CORRES,,
Sergi DARDER,,
Alex DIAZ,,
Samuel FERNANDEZ,,
Jaume GUARDENO,,
Javier IBANEZ,,
Ellande LARRONDE,,
Iuri LEITAO,,
Joseba LOPEZ,,
Pablo LOSPITAO,,
Alex MOLENAAR,,
Jakub OTRUBA,,
Jose Felix PARRA,,
Francisco Joel PENUELA,,
Eduard PRADES,,
Gorka SORARRAIN,,
Iker VILLAR,,
Daniel BABOR,,
Piet ALLEGAERT,,
Jenhte BIERMANS,,
Simon CARR,,
Camille CHARRET,,
Nicolas DEBEAUMARCHE,,
Valentin FERRON,,
Clement IZQUIERDO,,
Yael JOALLAND,,
Alex KIRSCH,,
Oliver KNIGHT,,
Jan MAAS,,
Sam MAISONOBE,,
Jamie MEEHAN,,
Ludovic ROBEET,,
Louis ROULAND,,
Benjamin THOMAS,,
Damien TOUZE,,
Edoardo ZAMPERINI,,
Jon AGIRRE,,
Yago AGUIRRE,,
Nicolas ALUSTIZA,,
Unai AZNAR,,
Xabiet BERASATEGI,,
Mikel BIZKARRA,,
Samuel FERNANDEZ,,
Ander GANZABAL,,
Paul HENNEQUIN,,
Xabier ISASA,,
Txomin JUARISTI,,
Jonathan LASTRA,,
Jordi LOPEZ,,
Gotzon MARTIN,,
Iker MINTEGUI,,
Jokin MURGUIALDAY,,
Louis SUTTON,,
Gari UGARTE,,
Axel VAN DER TUUK,,
Danny VAN DER TUUK,,
Ibai AZANZA,,
Hugo AZNAR,,
Urko BERRADE,,
Marc BRUSTENGA,,
Pablo CARRASCOSA,,
Ivan COBO,,
Inigo ELOSEGUI,,
Nil GIMENO,,
Iker GOMEZ,,
Jorge GUTIERREZ,,
Unai IRIBAR,,
Jose Maria MARTIN MUNOZ,,
Cesar PEREZ,,
Unai RAMOS,,
Mikel RETEGI,,
Ibon RUIZ,,
Antonio Jesus SOTO,,
Diego URIARTE,,
Mats WENZEL,,
Yen YI HO,,
Ivan Ramiro SOSA,,
Matteo AMBROSINI,,
Christian BAGATIN,,
Diego BRACALENTE,,
Marcin BUDZINSKY,,
Nicolò BURATTI,,
Cesare CHESINI,,
Edoardo CIPOLLINI,,
Luca CRETTI,,
Marton DINA,,
Alessandro FANCELLU,,
Filip GRUSZCZYNSKI,,
Balint MAKRAI,,
Lorenzo MASCIARELLI,,
Fausto MASNADA,,
Lorenzo NESPOLI,,
Barnabas PEAK,,
Davide PERSICO,,
Zsombor Tamas TAKACS,,
Mark VALENT,,
Samuele ZOCCARATO,,
Kevin COLLEONI,,
Samuel BOARDMAN,,
Robin CARPENTER,,
Ezra CAUDELL,,
Sean CHRISTIAN,,
Stefan DE BOD,,
Samuel FLOREZ,,
Kieran HAUG,,
Leo HAYTER,,
Cole KESSLER,,
Harry LASKER,,
Ian LOPEZ,,
Brody MCDONALD,,
Scott MCGILL,,
Byron MUNTON,,
Ben OLIVER,,
Riley PICKRELL,,
Hugo SCALA JR,,
Mark STEWART,,
Tyler STITES,,
Lucas TOWERS,,
Paul WRIGHT,,
Davide BAIS,,
Mattia BAIS,,
Dario Igor BELLETTA,,
Adrian BENITO,,
Gabriele BESSEGA,,
Tommaso BESSEGA,,
Aidan BUTTIGIEG,,
Ludovico CRESCIOLI,,
Fabrizio CROZZOLO,,
Pablo GARCIA,,
Dario GIULIANO,,
German Dario GOMEZ,,
Andrea MIFSUD,,
Francisco MUNOZ,,
Manuel PENALVER,,
Thomas PESENTI,,
Andrea PIETROBON,,
Gabriele RACCAGNI,,
Javier SERRANO,,
Diego Pablo SEVILLA,,
Fermando TERCERO,,
Xabier Mikel AZPARREN,,
Matteo BADILATTI,,
Sjoerd BAX,,
Walter CALZONI,,
Marcel CAMPRUBI,,
Mark DONOVAN,,
Frederik FRISON,,
Emmanuel HOUCOU,,
Damien HOWSON,,
Emils LIEPINS,,
Kamil MALECKI,,
Matteo MOSCHETTI,,
Nicolò PARISINI,,
Joseph PIDCOCK,,
Milan VADER,,
Harm VANHOUCKE,,
Nickolas ZUKOWSKY,,
Yukiya ARASHIRO,,
Franklin ARCHIBOLD CASTILLO,,
Alexandre BALMER,,
Valerio CONTI,,
Dorde DURIC,,
Matteo FABBRO,,
Tilen FINKST,,
Michele GAZZOLI,,
Roberto Carlos GONZALEZ,,
Ben GRANGER,,
Alessandro IACCHI,,
Felix James MEO,,
Tommaso NENCINI,,
Andrea PIRAS,,
Dusan RAJOVIC,,
Matteo REGNANTI,,
Carlos SAMUDIO,,
Santiago UMBA,,
Luca VERRANDO,,
Arnaud TISSIERES,,
Kyrylo TSARENKO,,
Tom CRABBE,,
Brem DEMAN,,
Tuur DENS,,
Siebe DEWEIRDT,,
Ferre GEERAERTS,,
Jules HESTERS,,
Nolan HUYSMANS,,
Michiel LAMBRECHT,,
Milan LANHOVE,,
Elias MARIS,,
Senne THONNON,,
Artuur TORNEY,,
Milan VAN DEN HAUTE,,
Leander VAN HAUTEGEM,,
Vincent VAN HEMELEN,,
Enri VANDENABEELE,,
Noah VANDENBRANDEN,,
Dylan VANDERSTORME,,
Ward VANHOOF,,
Victor VERCOUILLIE,,
Hamish ARMITT,,
Hamish BEADLE,,
Sam BRAND,,
Jacopo COLLADON,,
Lucas DAUGE,,
Quinten DE GRAEVE,,
Declan IRVINE,,
Juan Jose LOPEZ,,
David LOZANO,,
Bailey MCDONALD,,
Anton MULLER,,
Andrea PERON,,
Andrea PERRACCHIONE,,
Antonio POLGA,,
Umberto POLI,,
Luis Marie POSNIC,,
Filippo RIDOLFO,,
Nathan SMITH,,
Lucas TERRIER,,
Celestin WATTELLE,,
Thomas BONNET,,
Geoffrey BOUCHARD,,
Rayan BOULAHOITE,,
Nicolas BREUILLARD,,
Alexis BRUNEL,,
Florian DAUPHIN,,
Joris DELBOVE,,
Alexandre DELETTRE,,
Fabien DOUBEY,,
Sandy DUJARDIN,,
Fabien GRELLIER,,
Alan JOUSSEAUME,,
Samuel LEROUX,,
Theo LEVEQUE,,
Lorenzo MANZIN,,
Nicola MARCEROU,,
Valentin RETAILLEAU,,
Jason TESSON,,
Baptiste VADIC,,
Matteo VERCHER,,
Marco BRENNER,,
Jacob ERIKSSON,,
Robin FROIDEVAUX,,
Petr KELEMEN,,
Arthur KLUCKERS,,
Sebastian KOLZE CHANGIZI,,
Fabian LIENHARD,,
Aivaras MIKUTIS,,
Joel SUTER,,
Roland THALMANN,,
Larry WARBASSE,,
Fabian WEIS,,
Hannes WILKSCH,,
Luc WIRTGEN,,
Ronan AUGÉ,,
Joren BLOEM,,
Cedric Bakke CHRISTOPHERSEN,,
Hartthijs DE VRIES,,
Odd Christian EIKING,,
Karsten Larsen FELDMANN,,
Eivind Broholt FOUGNER,,
Owen GELEIJN,,
Jelle JOHANNINK,,
Matias KOPECKY,,
Thomas KOPECKY,,
Lukas KUBIS,,
Niklas LARSEN,,
Lander LOOCKX,,
Adrien MAIRE,,
Sergio MERIS,,
Wessel MOURIS,,
Tobias MULLER,,
Jannis PETER,,
Martijn RASENBEBERG,,
Elmer REINDERS,,
Colin SAVIOZ,,
Abram STOCKMAN,,
Adam TOUPALIK,,
Clement VENTURINI,,
Kilian VERSCHUREN,,
Robin DONZÈ,,
